{"cameraMode":{"drawMode":0,"name":"Shaded","section":"Shading Mode"},"sceneLighting":true,"audioPlay":false,"sceneViewState":{"showFog":true,"showMaterialUpdate":false,"showSkybox":true,"showFlares":true,"showImageEffects":true,"showParticleSystems":true},"in2DMode":false,"pivot":{"x":-6.263106822967529,"y":3.3066935539245607,"z":13.26666259765625},"rotation":{"x":-0.20874035358428956,"y":0.015254775993525982,"z":-0.003255985677242279,"w":-0.9778469204902649},"size":9.652559280395508,"orthographic":false}